ID,name,contactInfo,address
12467517-3278-43e0-af29-80f8ebdf4806,Rahul Sharma,9876543210,Hyderabad
12418013-e588-4187-b2ae-5d8c9f859839,Priya Nair,9123456780,Bangalore
12418014-6ee4-443e-bb35-63323c28af5d,Arjun Reddy,9988776655,Vijayawada
12418015-870c-43eb-9292-481662df0586,Neha Verma,9012345678,Chennai
12418016-23bd-4d9b-8f99-9081c59b99f2,Vikram Singh,8899001122,Delhi
12418017-0d99-4ad6-a53a-562a2bedb377,Anjali Mehta,9765432109,Mumbai
12418018-5a05-4577-80cb-7c095c57ac85,Karthik Iyer,9345678901,Coimbatore
12418019-3e6d-4ad8-afbb-9752ebe03e43,Sneha Kapoor,9090909090,Pune
12418020-bbc6-4030-8b8f-53946de511c6,Rohan Das,8888888888,Kolkata
12418021-2245-4c68-a310-0d06b9e1c056,Meera Joshi,9777777777,Ahmedabad